pcs_id,num_connected_devices,device_id,device_key
day_flow,1,TFO001,sJTRC83OcPS1UAU1oMpmi3NRFu
day_flow,1,TFO002,sJTRC83OcPS1UAU1oMpmi3NRFu
day_flow,1,TFO003,sJTRC83OcPS1UAU1oMpmi3NRFu
day_flow,1,TFO004,sJTRC83OcPS1UAU1oMpmi3NRFu
day_flow,1,TFO005,sJTRC83OcPS1UAU1oMpmi3NRFu
day_flow,1,TFO006,sJTRC83OcPS1UAU1oMpmi3NRFu
day_flow,1,TFO007,sJTRC83OcPS1UAU1oMpmi3NRFu
day_flow,1,TFO008,sJTRC83OcPS1UAU1oMpmi3NRFu
day_flow,1,TFO009,sJTRC83OcPS1UAU1oMpmi3NRFu
day_flow,1,TFO010,sJTRC83OcPS1UAU1oMpmi3NRFu
day_flow,1,TFO011,sJTRC83OcPS1UAU1oMpmi3NRFu
day_flow,1,TFO012,sJTRC83OcPS1UAU1oMpmi3NRFu
day_flow,1,TFO013,sJTRC83OcPS1UAU1oMpmi3NRFu
day_flow,1,TFO014,sJTRC83OcPS1UAU1oMpmi3NRFu
day_flow,1,TFO015,sJTRC83OcPS1UAU1oMpmi3NRFu
day_flow,1,TFO016,sJTRC83OcPS1UAU1oMpmi3NRFu
day_flow,1,TFO017,sJTRC83OcPS1UAU1oMpmi3NRFu
day_flow,1,TFO018,sJTRC83OcPS1UAU1oMpmi3NRFu
day_flow,1,TFO019,sJTRC83OcPS1UAU1oMpmi3NRFu
day_flow,1,TFO020,sJTRC83OcPS1UAU1oMpmi3NRFu
day_flow,1,TFO021,sJTRC83OcPS1UAU1oMpmi3NRFu
day_flow,1,TFO022,sJTRC83OcPS1UAU1oMpmi3NRFu
day_flow,1,TFO023,sJTRC83OcPS1UAU1oMpmi3NRFu
day_flow,1,TFO024,sJTRC83OcPS1UAU1oMpmi3NRFu
day_flow,1,TFO025,sJTRC83OcPS1UAU1oMpmi3NRFu
day_flow,1,TFO026,sJTRC83OcPS1UAU1oMpmi3NRFu
day_flow,1,TFO027,sJTRC83OcPS1UAU1oMpmi3NRFu
day_flow,1,TFO028,sJTRC83OcPS1UAU1oMpmi3NRFu
day_flow,1,TFO029,sJTRC83OcPS1UAU1oMpmi3NRFu
day_flow,1,TFO030,sJTRC83OcPS1UAU1oMpmi3NRFu
day_flow,1,TFO031,sJTRC83OcPS1UAU1oMpmi3NRFu
day_flow,1,TFO032,sJTRC83OcPS1UAU1oMpmi3NRFu
day_flow,1,TFO033,sJTRC83OcPS1UAU1oMpmi3NRFu
day_flow,1,TFO034,sJTRC83OcPS1UAU1oMpmi3NRFu
day_flow,1,TFO035,sJTRC83OcPS1UAU1oMpmi3NRFu
day_flow,1,TFO036,sJTRC83OcPS1UAU1oMpmi3NRFu
day_flow,1,TFO037,sJTRC83OcPS1UAU1oMpmi3NRFu
day_flow,1,TFO038,sJTRC83OcPS1UAU1oMpmi3NRFu
day_flow,1,TFO039,sJTRC83OcPS1UAU1oMpmi3NRFu
day_flow,1,TFO040,sJTRC83OcPS1UAU1oMpmi3NRFu
day_flow,1,TFO041,sJTRC83OcPS1UAU1oMpmi3NRFu
day_flow,1,TFO042,sJTRC83OcPS1UAU1oMpmi3NRFu
day_flow,1,TFO043,sJTRC83OcPS1UAU1oMpmi3NRFu
day_flow,1,TFO044,sJTRC83OcPS1UAU1oMpmi3NRFu
day_flow,1,TFO045,sJTRC83OcPS1UAU1oMpmi3NRFu
day_flow,1,TFO046,sJTRC83OcPS1UAU1oMpmi3NRFu
day_flow,1,TFO047,sJTRC83OcPS1UAU1oMpmi3NRFu
day_flow,1,TFO048,sJTRC83OcPS1UAU1oMpmi3NRFu
